{"name":"docker_images_metrics","platform":"node","hash":"oo7Z5EBXtgNwN5dQSfynfh7tuq86H4UscATIQX+Ze+M=","blocks":[{"action":"system/Common/SSH/SSH","name":"ssh_get_images","inputs":[{"name":"authKey","value":"$SSH_CRED"},{"name":"command","value":"`podman images | grep quay.io | awk '{print $3}' | uniq`"}]}, {"name":"Function_2","function":"if ($ssh_get_images.result !== \"\"){\n  const data = $ssh_get_images.result.trim().split(\"\\n\")\n\n  data.forEach(line => {\n    $image_array.push(line)\n  })\n}"}, {"action":"system/Common/Array/Array Size","name":"get_nb_images","inputs":[{"name":"array","value":"$image_array"}]}, {"action":"assign","name":"assign_nb_images","variable":"$nb_images","value":"$get_nb_images.result"}, {"action":"foreach","name":"forEach_images","list":"$image_array","blocks":[{"name":"Function_1","function":"$command = \"podman inspect \\\"\" + $forEach_images.item + \"\\\"\""},{"action":"system/Common/SSH/SSH","name":"ssh_inspect_image","inputs":[{"name":"authKey","value":"$SSH_CRED"},{"name":"command","value":"$command"}]},{"name":"Split_1","action":"split","branches":[{"blocks":[{"action":"system/Common/JSON/jq","name":"jq_nb_layers","inputs":[{"name":"JSON","value":"$ssh_inspect_image.result"},{"name":"Filter","value":"\".[].RootFS.Layers\""}]},{"action":"system/Common/Array/Array Size","name":"get_nb_layers","inputs":[{"name":"array","value":"$jq_nb_layers.result"}]},{"action":"system/Common/Array/Array Push","name":"Add_nb_layers_in_layers_array","inputs":[{"name":"array","value":"$array_nb_layers"},{"name":"item","value":"$get_nb_layers.result"}]},{"name":"Function_5","function":"if ($get_nb_layers.result > $max_image_layers) {\n    $max_image_layers = $get_nb_layers.result\n}"}]},{"blocks":[]}]}]}, {"action":"foreach","name":"ForEach_1","list":"$array_nb_layers","blocks":[{"action":"assign","name":"Assign_1","variable":"$sum_nb_layers","value":"$sum_nb_layers + $ForEach_1.item"}]}, {"name":"Function_6","function":"$avg_image_size_mb = ($total_image_size / $nb_images) / 1000 / 1000;\n$max_image_size_mb = $temp_max_image_size / 1000 / 1000;\n$average_number_image_layers = $sum_nb_layers / $array_nb_layers.length;\n$max_image_layers = $max_image_layers"}, {"action":"assign","name":"Assign_concert_data","variable":"$concert_data","value":"{\n    \"avg_image_size_mb\": $avg_image_size_mb.toString(),\n    \"max_image_size_mb\": $max_image_size_mb.toString(),\n    \"max_number_image_layers\": $max_image_layers.toString(),\n    \"average_number_image_layers\": $average_number_image_layers.toString()\n}"}, {"action":"assign","name":"Assign_debug","variable":"$debug","value":"$concert_data"}, {"action":"./upload_to_concert","name":"Upload_to_concert","inputs":[{"name":"concert_data","value":"$concert_data"},{"name":"concert_api_key","value":"$concert_api_key"},{"name":"concert_host","value":"$concert_host"},{"name":"concert_port","value":"$concert_port"},{"name":"target_application_name","value":"$target_application_name"},{"name":"target_application_version","value":"$target_application_version"},{"name":"resilience_profile_name","value":"$resilience_profile_name"},{"name":"resilience_posture_name","value":"$resilience_posture_name"},{"name":"resilience_assessment_name","value":"$resilience_assessment_name"}]}, {"action":"assign","name":"Assign_final_result","variable":"$final_result","value":"$Upload_to_concert.result"}],"variables":[{"name":"debug","required":false,"isInput":false,"isOutput":true,"level":"INTERMEDIATE","type":{"type":"any"},"value":"\"\""},{"name":"SSH_CRED","required":true,"isInput":true,"isOutput":false,"level":"INTERMEDIATE","type":{"type":"string"},"value":"\"concert-vm-ssh\"","meta":{"authType":"Common/SSH","subType":"authentication"}},{"name":"command","required":false,"isInput":false,"isOutput":false,"level":"INTERMEDIATE","type":{"type":"string"},"value":"\"\""},{"name":"image_array","required":false,"isInput":false,"isOutput":false,"level":"INTERMEDIATE","type":{"type":"array"},"value":"[]"},{"name":"nb_images","required":false,"isInput":false,"isOutput":false,"level":"INTERMEDIATE","type":{"type":"number"},"value":"0"},{"name":"array_nb_layers","required":false,"isInput":false,"isOutput":false,"level":"INTERMEDIATE","type":{"type":"array"},"value":"[]"},{"name":"sum_nb_layers","required":false,"isInput":false,"isOutput":false,"level":"INTERMEDIATE","type":{"type":"number"},"value":"0"},{"name":"max_image_layers","required":true,"isInput":true,"isOutput":false,"level":"INTERMEDIATE","type":{"type":"number"},"value":"0"},{"name":"average_number_image_layers","required":false,"isInput":false,"isOutput":true,"level":"INTERMEDIATE","type":{"type":"number"},"value":"0"},{"name":"image_size","required":false,"isInput":false,"isOutput":false,"level":"INTERMEDIATE","type":{"type":"number"},"value":"0"},{"name":"temp_max_image_size","required":false,"isInput":false,"isOutput":false,"level":"INTERMEDIATE","type":{"type":"number"},"value":"0"},{"name":"total_image_size","required":false,"isInput":false,"isOutput":false,"level":"INTERMEDIATE","type":{"type":"number"},"value":"0"},{"name":"max_image_size_mb","required":false,"isInput":false,"isOutput":true,"level":"INTERMEDIATE","type":{"type":"number"},"value":"0"},{"name":"avg_image_size_mb","required":false,"isInput":false,"isOutput":true,"level":"INTERMEDIATE","type":{"type":"number"},"value":"0"},{"name":"concert_data","required":false,"isInput":false,"isOutput":true,"level":"INTERMEDIATE","type":{"type":"object"},"value":"{}"},{"name":"target_application_name","required":false,"isInput":false,"isOutput":false,"level":"INTERMEDIATE","type":{"type":"string"},"value":"\"hr-application\""},{"name":"target_application_version","required":false,"isInput":false,"isOutput":false,"level":"INTERMEDIATE","type":{"type":"string"},"value":"\"1.0.0.0\""},{"name":"resilience_profile_name","required":false,"isInput":false,"isOutput":false,"level":"INTERMEDIATE","type":{"type":"string"},"value":"\"nfr_critical_apps_profile\""},{"name":"resilience_posture_name","required":false,"isInput":false,"isOutput":false,"level":"INTERMEDIATE","type":{"type":"string"},"value":"\"components_images_posture\""},{"name":"resilience_assessment_name","required":false,"isInput":false,"isOutput":false,"level":"INTERMEDIATE","type":{"type":"string"},"value":"\"From CW Lab7\""},{"name":"concert_host","required":false,"isInput":false,"isOutput":false,"level":"INTERMEDIATE","type":{"type":"string"},"value":"\"149.81.14.56\""},{"name":"concert_port","required":false,"isInput":false,"isOutput":false,"level":"INTERMEDIATE","type":{"type":"number"},"value":"12443"},{"name":"concert_api_key","required":false,"isInput":false,"isOutput":false,"level":"INTERMEDIATE","type":{"type":"string"},"value":"\"aWJtY29uY2VydDo4NTJmZjhhNS0zMDdkLTQzNzYtOTBmOC0zZjVkYWRlOGE3Yjk=\"","meta":{"authType":"IBM/Concert","subType":"authentication"}},{"name":"final_result","required":false,"isInput":false,"isOutput":true,"level":"INTERMEDIATE","type":{"type":"string"},"value":"\"\""}],"meta":{"workerGroup":"default","created":1756109697295,"lastUpdated":1756111372513,"layout":"flow","updatedByUsername":"ibmconcert","numberOfBlocks":21,"version":5},"finally":null}