{"name":"upload_to_concert","platform":"node","hash":"JLSIN0bOzTpGHRb0ggZffP+TqqydILKQYFyiTes5PLA=","blocks":[{"action":"system/Common/DateTime/Timestamp Now ms","name":"TimestampNowms_1"}, {"action":"system/Common/DateTime/Date Format ISO 8601","name":"DateFormatISO8601_1","inputs":[{"name":"timestamp","value":"$TimestampNowms_1.result"}]}, {"action":"assign","name":"Assign_timestamp","variable":"$timestamp","value":"$DateFormatISO8601_1.result"}, {"name":"Function_1","function":"$concert_body = {\n    \"name\": $resilience_assessment_name,\n    \"assessment_period\": \"latest\",\n    \"profile\": $resilience_profile_name,\n    \"posture\": $resilience_posture_name,\n    \"timestamp\": $timestamp,\n    \"target_type\": \"app\",\n    \"target\": $target_application_name,\n    \"version\": $target_application_version,\n    \"data\": $concert_data\n}"}, {"action":"system/Common/HTTP/HTTP Request","name":"upload_to_concert","inputs":[{"name":"method","value":"\"POST\""},{"name":"host","value":"$concert_host"},{"name":"protocol","value":"\"https\""},{"name":"port","value":"$concert_port"},{"name":"path","value":"'/resilience/assessment/api/v1/evaluate'"},{"name":"headers","value":"{\n    \"Authorization\": \"C_API_KEY \" + $concert_api_key,\n    \"InstanceId\": \"0000-0000-0000-0000\",\n    \"Content-Type\": \"application/json\"\n}"},{"name":"body","value":"$concert_body"},{"name":"insecureConnect","value":"true"}],"breakpoint":"enabled"}, {"action":"assign","name":"final_result","variable":"$result","value":"$upload_to_concert.result","breakpoint":"enabled"}],"variables":[{"name":"concert_data","required":true,"isInput":true,"isOutput":false,"level":"INTERMEDIATE","type":{"type":"object"},"value":"{\n    \"pct_big_images\": \"100\",\n    \"avg_layers\": \"18\",\n    \"pct_latest_tag\": \"0\"\n}"},{"name":"timestamp","required":false,"isInput":false,"isOutput":false,"level":"INTERMEDIATE","type":{"type":"string"},"value":"\"2025-04-20T10:16:00.00\""},{"name":"result","required":false,"isInput":false,"isOutput":true,"level":"INTERMEDIATE","type":{"type":"string"},"value":"\"\""},{"name":"concert_body","required":false,"isInput":false,"isOutput":false,"level":"INTERMEDIATE","type":{"type":"object"},"value":"{}"},{"name":"concert_api_key","required":true,"isInput":true,"isOutput":false,"level":"INTERMEDIATE","type":{"type":"string"},"value":"\"aWJtY29uY2VydDo0ZjM5MjJkZi01Y2U3LTQxMGUtOGE0OS1mODlmN2FmYTE1YWE=\"","meta":{"authType":"IBM/Concert","subType":"authentication"}},{"name":"concert_host","required":false,"isInput":true,"isOutput":false,"level":"INTERMEDIATE","type":{"type":"string"},"value":"\"158.177.5.40\""},{"name":"concert_port","required":false,"isInput":true,"isOutput":false,"level":"INTERMEDIATE","type":{"type":"number"},"value":"12443"},{"name":"target_application_name","required":false,"isInput":true,"isOutput":false,"level":"INTERMEDIATE","type":{"type":"string"},"value":"\"hr-application\""},{"name":"target_application_version","required":false,"isInput":true,"isOutput":false,"level":"INTERMEDIATE","type":{"type":"string"},"value":"\"1.0.0.0\""},{"name":"resilience_profile_name","required":false,"isInput":true,"isOutput":false,"level":"INTERMEDIATE","type":{"type":"string"},"value":"\"nfr_lab_env_profile\""},{"name":"resilience_posture_name","required":false,"isInput":true,"isOutput":false,"level":"INTERMEDIATE","type":{"type":"string"},"value":"\"components_images_posture\""},{"name":"resilience_assessment_name","required":false,"isInput":true,"isOutput":false,"level":"INTERMEDIATE","type":{"type":"string"},"value":"\"From CW Lab7\""}],"meta":{"version":5,"layout":"flow","workerGroup":"default","created":1756109697274,"lastUpdated":1756109697274,"updatedByUsername":"ibmconcert","numberOfBlocks":6},"finally":null}