{"name":"docker_images_size","platform":"node","hash":"ySez+ei+/lOwaPoyhpNfx5l2YCHIUZmM6JVbktK4Zo0=","blocks":[{"action":"system/Common/JSON/jq","name":"jq_get_size","inputs":[{"name":"JSON","value":"$json_inspect"},{"name":"Filter","value":"\".[].Size\""}]}, {"action":"assign","name":"Assign_1","variable":"$image_size","value":"$jq_get_size.result"}],"variables":[{"name":"debug","required":false,"isInput":false,"isOutput":true,"level":"INTERMEDIATE","type":{"type":"any"},"value":"\"\""},{"name":"json_inspect","required":true,"isInput":true,"isOutput":false,"level":"INTERMEDIATE","type":{"type":"array"},"value":"[]"},{"name":"image_size","required":false,"isInput":false,"isOutput":true,"level":"INTERMEDIATE","type":{"type":"string"},"value":"\"\""}],"meta":{"version":5,"layout":"flow","workerGroup":"default","created":1744354606695,"lastUpdated":1744362266165,"updatedByUsername":"ibmconcert@0000-0000-0000-0000","numberOfBlocks":2},"finally":null}